id,first_name,last_name,email,ip_address
1,Ethelin,Eddolls,eeddolls0@phpbb.com,7.196.226.148
2,Selig,Giddings,sgiddings1@blogspot.com,124.112.8.135
3,Merridie,Harmar,mharmar2@sfgate.com,87.254.32.133
4,Wake,Bohin,wbohin3@upenn.edu,211.15.109.143
5,Jo,Sains,jsains4@virginia.edu,142.3.160.98
6,Cassius,Loisi,cloisi5@mapquest.com,26.99.110.132
7,Megen,Ivy,mivy6@apple.com,89.230.3.1
8,Muhammad,Gallichiccio,mgallichiccio7@jiathis.com,79.21.20.181
9,Odetta,Geistmann,ogeistmann8@soup.io,71.28.206.212
10,Beck,Hellings,bhellings9@ehow.com,121.240.110.180
11,Margaux,Newe,mnewea@dmoz.org,245.122.184.49
12,Robinet,McLean,rmcleanb@globo.com,193.94.44.246
13,Vassily,Ross,vrossc@patch.com,22.116.148.5
14,Tressa,Renne,trenned@accuweather.com,245.58.220.196
15,Morty,Manderson,mmandersone@unicef.org,134.34.44.105
16,Chandal,Chaplyn,cchaplynf@w3.org,154.128.179.196
17,Isa,Nix,inixg@ft.com,226.113.121.164
18,My,Shepherdson,mshepherdsonh@ibm.com,166.12.192.180
19,Ruddie,McCane,rmccanei@desdev.cn,176.109.76.29
20,Ferdie,Linke,flinkej@ed.gov,226.25.0.123
21,Arielle,Massimi,amassimik@google.de,157.30.222.188
22,Delmore,Spier,dspierl@domainmarket.com,39.182.63.180
23,Desmund,Paolotto,dpaolottom@cdbaby.com,59.106.114.177
24,Aurelea,Calbaithe,acalbaithen@google.co.jp,189.161.190.254
25,Lynnette,Spoure,lspoureo@adobe.com,19.55.191.200
26,Richart,Dimmack,rdimmackp@hexun.com,64.47.239.140
27,Salmon,Fipp,sfippq@domainmarket.com,113.144.72.126
28,Cherrita,Lau,claur@answers.com,197.219.136.112
29,Nicky,Catling,ncatlings@de.vu,209.50.87.60
30,Margret,Janda,mjandat@goo.ne.jp,128.126.170.82
31,Law,Hynde,lhyndeu@webs.com,182.196.71.220
32,Florentia,Brayne,fbraynev@si.edu,176.5.20.154
33,Hermina,MacCosty,hmaccostyw@lulu.com,197.24.23.164
34,Krystalle,Boanas,kboanasx@cbc.ca,62.54.91.41
35,Toni,Fernely,tfernelyy@mashable.com,169.166.156.192
36,Jo-ann,Le Marchant,jlemarchantz@cmu.edu,18.163.104.117
37,Carissa,Jakubovics,cjakubovics10@bloglovin.com,185.63.33.158
38,Freemon,Langrick,flangrick11@chronoengine.com,35.195.245.243
39,Harold,Welbelove,hwelbelove12@tinypic.com,151.90.72.117
40,Elwira,Trim,etrim13@sitemeter.com,135.34.1.65
41,Gualterio,Cluer,gcluer14@mapy.cz,220.113.86.156
42,Arvin,Dauney,adauney15@go.com,57.61.41.130
43,Aristotle,Jankin,ajankin16@wordpress.org,175.153.7.138
44,Baldwin,Filisov,bfilisov17@arstechnica.com,21.136.232.85
45,Vita,Vennings,vvennings18@squidoo.com,166.6.173.102
46,Sharia,Viner,sviner19@omniture.com,210.243.148.46
47,Stacee,Monier,smonier1a@noaa.gov,31.242.189.160
48,Phineas,Burling,pburling1b@domainmarket.com,106.237.235.225
49,Silvan,Le Count,slecount1c@sciencedirect.com,213.53.135.202
50,Emeline,Lacknor,elacknor1d@hhs.gov,75.110.171.42
51,Aldwin,Kehoe,akehoe1e@wikia.com,43.207.54.253
52,Bernadene,Gelder,bgelder1f@mtv.com,181.213.14.99
53,Nicky,Broe,nbroe1g@whitehouse.gov,93.138.140.184
54,Kara-lynn,Kiddye,kkiddye1h@eepurl.com,144.235.173.96
55,Jacquenetta,Hess,jhess1i@miibeian.gov.cn,73.36.44.149
56,Steward,Walkley,swalkley1j@dyndns.org,175.18.149.178
57,Grethel,Trimby,gtrimby1k@newsvine.com,0.201.94.141
58,Wells,Di Biagio,wdibiagio1l@domainmarket.com,210.221.92.43
59,Benetta,Wheatman,bwheatman1m@who.int,206.79.137.102
60,Raine,Henzer,rhenzer1n@networksolutions.com,241.135.166.178
61,Mellie,Zack,mzack1o@ted.com,194.132.131.163
62,Aleece,Gault,agault1p@berkeley.edu,105.46.97.64
63,Lynnea,Blockwell,lblockwell1q@discuz.net,210.30.241.213
64,Mikel,Farland,mfarland1r@hc360.com,223.108.68.164
65,Carlie,Feaver,cfeaver1s@ebay.co.uk,143.147.199.53
66,Ilysa,Skinley,iskinley1t@ning.com,51.148.7.161
67,Pier,Easom,peasom1u@deviantart.com,248.172.143.146
68,Inga,Bellenie,ibellenie1v@nature.com,235.66.131.121
69,Ruy,Girth,rgirth1w@gmpg.org,200.134.102.129
70,Hedwig,Lorence,hlorence1x@odnoklassniki.ru,135.205.129.123
71,Jarid,Karus,jkarus1y@ed.gov,126.173.50.47
72,Allsun,McIlvaney,amcilvaney1z@ftc.gov,105.225.13.185
73,Jyoti,Atack,jatack20@so-net.ne.jp,36.205.59.213
74,Mag,Jillett,mjillett21@mapy.cz,115.252.187.45
75,Woodman,Belliss,wbelliss22@bbb.org,15.152.211.9
76,Lenna,Robjohns,lrobjohns23@imdb.com,213.68.183.139
77,Abner,Tuffs,atuffs24@instagram.com,227.44.152.5
78,Shayla,Minnette,sminnette25@gnu.org,159.183.106.119
79,Dari,Ferrandez,dferrandez26@wordpress.com,200.220.192.209
80,Lani,Mil,lmil27@baidu.com,135.16.177.71
81,Jemie,Videneev,jvideneev28@vkontakte.ru,183.250.171.89
82,Loydie,Baglow,lbaglow29@wikia.com,187.190.184.80
83,Amabel,Maus,amaus2a@1und1.de,137.22.176.165
84,Zelda,Exell,zexell2b@intel.com,2.144.112.11
85,Audi,Sixsmith,asixsmith2c@skype.com,233.28.175.29
86,Wynnie,Humberston,whumberston2d@npr.org,246.94.33.90
87,Dov,Aickin,daickin2e@about.me,49.248.246.241
88,Yorgo,Pidgeley,ypidgeley2f@cdbaby.com,215.37.144.86
89,Ivett,Bourchier,ibourchier2g@time.com,246.87.54.168
90,Sandy,Nehlsen,snehlsen2h@php.net,203.247.214.91
91,Gayelord,Instock,ginstock2i@state.tx.us,112.74.158.166
92,Berri,Kerbey,bkerbey2j@usatoday.com,241.208.107.122
93,Collin,Brookfield,cbrookfield2k@yelp.com,220.217.192.39
94,Kaylee,Charpling,kcharpling2l@japanpost.jp,211.9.222.129
95,Lynn,Fetterplace,lfetterplace2m@umn.edu,114.19.95.177
96,Kalle,Exell,kexell2n@oracle.com,48.153.146.4
97,Wainwright,Orrock,worrock2o@vimeo.com,178.3.181.96
98,Sauncho,Toy,stoy2p@amazon.co.jp,17.45.239.240
99,Sandie,Grouen,sgrouen2q@reddit.com,207.74.52.0
100,Chet,Standen,cstanden2r@symantec.com,69.25.223.149
101,Malcolm,Leydon,mleydon2s@blogs.com,159.48.205.238
102,Ursa,Luquet,uluquet2t@weibo.com,126.0.57.145
103,Neda,Waycot,nwaycot2u@census.gov,122.151.116.85
104,Darcee,Headly,dheadly2v@mysql.com,14.220.88.76
105,Addie,Tabourel,atabourel2w@woothemes.com,244.36.55.31
106,Lauraine,Da Costa,ldacosta2x@si.edu,197.164.93.255
107,Leeland,Groves,lgroves2y@ed.gov,231.34.215.48
108,Carmel,Duxbury,cduxbury2z@washington.edu,175.50.47.30
109,Wally,Skeeles,wskeeles30@sciencedaily.com,113.82.7.35
110,Jedidiah,Jonson,jjonson31@addthis.com,11.217.233.222
111,Alfons,Highwood,ahighwood32@sina.com.cn,208.18.22.65
112,Sidoney,Lernihan,slernihan33@moonfruit.com,140.51.66.95
113,Vivian,Braksper,vbraksper34@istockphoto.com,240.171.209.58
114,Engracia,Savill,esavill35@newsvine.com,2.164.154.202
115,Darrick,Ivanyukov,divanyukov36@ucla.edu,244.212.24.192
116,Pasquale,Matten,pmatten37@howstuffworks.com,115.44.194.136
117,Anne-marie,McGarry,amcgarry38@census.gov,146.86.227.110
118,Julieta,Gobeau,jgobeau39@sfgate.com,227.10.240.238
119,Steve,Schulze,sschulze3a@ibm.com,169.176.0.98
120,Anton,Imlach,aimlach3b@cnn.com,46.157.59.150
121,Emilia,Gerriets,egerriets3c@globo.com,182.7.35.148
122,Licha,Elverston,lelverston3d@cargocollective.com,70.161.100.173
123,Bethanne,Bend,bbend3e@imageshack.us,124.239.155.236
124,Courtenay,Fautley,cfautley3f@taobao.com,30.72.220.214
125,Rodolph,Birkin,rbirkin3g@nydailynews.com,75.44.96.117
126,Durante,Pilch,dpilch3h@china.com.cn,18.8.121.74
127,Lynne,Goldby,lgoldby3i@drupal.org,76.53.8.61
128,Pancho,Lown,plown3j@freewebs.com,150.178.115.190
129,Ashlin,Cahen,acahen3k@ovh.net,240.244.240.148
130,Ernest,Longmead,elongmead3l@goodreads.com,255.223.209.209
131,Alicea,Danford,adanford3m@cnn.com,89.143.184.119
132,Rhea,Mertsching,rmertsching3n@home.pl,149.128.28.243
133,Star,Sangster,ssangster3o@cbc.ca,153.211.72.178
134,Bartlet,Neiland,bneiland3p@google.pl,46.235.241.163
135,Melodie,Denkin,mdenkin3q@umich.edu,144.12.168.227
136,Fay,Wigley,fwigley3r@pinterest.com,177.142.7.183
137,Wolfgang,Gammack,wgammack3s@bbc.co.uk,32.74.141.217
138,Rustie,Brimfield,rbrimfield3t@sina.com.cn,156.183.205.114
139,Blair,Lesek,blesek3u@mit.edu,28.157.114.134
140,Mano,Jakoub,mjakoub3v@cbslocal.com,115.69.246.110
141,Janie,Riccioppo,jriccioppo3w@usda.gov,226.148.205.89
142,Dorita,Peacher,dpeacher3x@pcworld.com,39.81.134.103
143,Ansley,Smeeton,asmeeton3y@bbc.co.uk,26.223.202.3
144,Mufinella,Cord,mcord3z@nps.gov,120.208.193.135
145,Shayna,Hainge,shainge40@geocities.jp,61.91.112.113
146,Frankie,Greenhow,fgreenhow41@joomla.org,103.215.147.216
147,Gian,Jory,gjory42@guardian.co.uk,228.166.166.160
148,Clemens,Weine,cweine43@51.la,35.21.168.4
149,Serge,Fee,sfee44@goo.gl,183.184.44.62
150,Harp,Pawlik,hpawlik45@shinystat.com,132.123.211.72
151,Somerset,Richin,srichin46@google.it,28.151.245.194
152,Boothe,Simone,bsimone47@dell.com,249.62.69.41
153,Sal,Snelling,ssnelling48@amazon.com,10.139.164.130
154,Evania,Rawdales,erawdales49@accuweather.com,153.252.61.83
155,Feodora,Gary,fgary4a@mit.edu,28.132.207.145
156,Tallie,Baroch,tbaroch4b@wikia.com,93.222.229.98
157,Nada,Porter,nporter4c@baidu.com,14.204.118.2
158,Niki,Wane,nwane4d@people.com.cn,13.20.103.175
159,Thain,Basill,tbasill4e@fc2.com,128.67.33.250
160,Konstantine,Sheldrick,ksheldrick4f@wix.com,222.28.227.176
161,Drusi,Jacox,djacox4g@weibo.com,61.45.80.143
162,Davide,Simnell,dsimnell4h@trellian.com,143.94.198.119
163,Jennica,Derry,jderry4i@theglobeandmail.com,10.186.0.100
164,Jerrilee,Knevet,jknevet4j@soup.io,62.112.90.20
165,Diane-marie,Limbourne,dlimbourne4k@youtu.be,115.198.118.141
166,Katerina,Marling,kmarling4l@flickr.com,47.60.7.174
167,Emmey,Treeby,etreeby4m@over-blog.com,61.130.86.156
168,Sansone,Rao,srao4n@people.com.cn,151.234.96.177
169,Mari,Thornley,mthornley4o@nifty.com,93.89.92.85
170,Izaak,Grane,igrane4p@qq.com,123.224.18.208
171,Sayre,Falcus,sfalcus4q@squarespace.com,114.48.27.201
172,Neila,Alberti,nalberti4r@hatena.ne.jp,18.25.37.31
173,Kinny,Pernell,kpernell4s@nymag.com,92.160.25.246
174,Sampson,Baskwell,sbaskwell4t@shop-pro.jp,43.76.152.11
175,Tommi,Goodwill,tgoodwill4u@newsvine.com,135.148.172.175
176,Nanette,Ord,nord4v@homestead.com,203.178.48.8
177,Celestyna,Last,clast4w@globo.com,111.149.2.218
178,Orion,Matresse,omatresse4x@fc2.com,133.240.219.232
179,Ugo,Pitrelli,upitrelli4y@360.cn,171.8.28.249
180,Edlin,Nias,enias4z@newyorker.com,52.176.127.118
181,Marmaduke,Yarrell,myarrell50@opera.com,117.100.180.190
182,Allyn,Francescuzzi,afrancescuzzi51@diigo.com,93.93.182.86
183,Konrad,Server,kserver52@state.gov,20.119.14.85
184,Adrianna,Scandroot,ascandroot53@indiegogo.com,211.234.253.156
185,Codi,Forsdicke,cforsdicke54@ibm.com,42.18.91.111
186,Karlotte,Lidgate,klidgate55@blogger.com,1.150.103.86
187,Dulcie,Giacovetti,dgiacovetti56@ezinearticles.com,98.22.38.70
188,Reine,Grier,rgrier57@com.com,135.110.18.127
189,Reggie,Goldwater,rgoldwater58@yellowpages.com,150.85.49.90
190,Genevra,Ridpath,gridpath59@japanpost.jp,166.250.45.129
191,Bethany,Micka,bmicka5a@nationalgeographic.com,202.154.36.197
192,Kerstin,Kiddle,kkiddle5b@abc.net.au,181.168.82.205
193,Ofilia,Rembrandt,orembrandt5c@booking.com,17.93.6.42
194,Granger,Krollmann,gkrollmann5d@nih.gov,104.161.134.6
195,Ferguson,Anderer,fanderer5e@trellian.com,28.136.31.113
196,Desmond,Wastling,dwastling5f@addtoany.com,162.205.215.10
197,Kristel,Elsy,kelsy5g@irs.gov,82.138.74.161
198,Beverie,Bywater,bbywater5h@twitter.com,124.150.230.178
199,Lonnie,Roddick,lroddick5i@twitpic.com,1.9.33.164
200,Fawnia,Lukas,flukas5j@msu.edu,69.16.106.230
201,Nye,Loble,nloble5k@paginegialle.it,147.240.86.229
202,Bevan,Winters,bwinters5l@a8.net,140.131.8.86
203,Jamima,Thombleson,jthombleson5m@cmu.edu,138.177.73.181
204,Essy,Domenichelli,edomenichelli5n@linkedin.com,27.135.39.243
205,Charmine,Baudins,cbaudins5o@engadget.com,186.223.7.184
206,Andrei,Fontell,afontell5p@slideshare.net,192.107.119.234
207,Jefferson,Petrescu,jpetrescu5q@walmart.com,218.66.87.106
208,Lucita,Zute,lzute5r@123-reg.co.uk,111.178.124.81
209,Nari,Jarvis,njarvis5s@sohu.com,83.23.119.175
210,Bell,Garratty,bgarratty5t@rambler.ru,54.204.247.182
211,Jammal,Poynor,jpoynor5u@networksolutions.com,110.79.87.197
212,Pansy,Healks,phealks5v@yandex.ru,87.0.229.107
213,Morena,Benitti,mbenitti5w@prweb.com,215.122.181.110
214,Terri-jo,Cutriss,tcutriss5x@bizjournals.com,230.223.64.16
215,Edy,Muldowney,emuldowney5y@ameblo.jp,175.25.112.186
216,Carling,Cordey,ccordey5z@twitpic.com,202.184.230.243
217,Anastasia,Crottagh,acrottagh60@who.int,157.115.65.171
218,Flem,Bellwood,fbellwood61@phpbb.com,43.163.112.121
219,Marv,Semble,msemble62@godaddy.com,84.141.202.92
220,Renelle,Smithson,rsmithson63@studiopress.com,98.4.168.164
221,Clemmie,Stanlick,cstanlick64@wired.com,218.91.88.59
222,Hatti,Ruperto,hruperto65@answers.com,42.254.24.69
223,Gaston,Whittenbury,gwhittenbury66@dyndns.org,77.15.109.106
224,Issy,Rape,irape67@upenn.edu,44.173.47.137
225,Antoni,Jennemann,ajennemann68@bing.com,37.116.185.90
226,Davina,Benedit,dbenedit69@google.ca,75.29.249.219
227,Lonnard,Lovitt,llovitt6a@utexas.edu,116.145.127.124
228,Broderic,Davson,bdavson6b@soup.io,92.101.205.154
229,Elroy,Venditto,evenditto6c@theguardian.com,21.139.41.215
230,Gusty,Frill,gfrill6d@wikispaces.com,197.18.192.108
231,Kipper,Ballance,kballance6e@omniture.com,61.152.52.23
232,Sapphire,Taunton,staunton6f@posterous.com,50.81.253.48
233,Norby,Penddreth,npenddreth6g@macromedia.com,53.139.61.144
234,Wenonah,Bryson,wbryson6h@springer.com,25.128.245.12
235,Tomlin,Bavin,tbavin6i@telegraph.co.uk,82.76.121.13
236,Thaddus,Wickliffe,twickliffe6j@abc.net.au,245.218.36.250
237,Fransisco,Musk,fmusk6k@comsenz.com,164.236.216.214
238,Roxine,Lightbown,rlightbown6l@washingtonpost.com,72.152.37.91
239,Marys,Faich,mfaich6m@amazon.co.uk,89.197.164.26
240,Maritsa,Baggs,mbaggs6n@blinklist.com,161.223.79.44
241,Mil,Denty,mdenty6o@163.com,42.170.158.249
242,Hedy,Lavin,hlavin6p@newyorker.com,179.138.25.167
243,Anette,Allott,aallott6q@admin.ch,13.224.165.155
244,Robinett,Atwell,ratwell6r@mysql.com,144.126.0.186
245,Kip,Dibbs,kdibbs6s@meetup.com,78.90.71.164
246,Noby,Hazzard,nhazzard6t@businesswire.com,226.183.53.189
247,Yule,Verner,yverner6u@free.fr,108.209.138.110
248,Koenraad,Scrimgeour,kscrimgeour6v@adobe.com,107.140.57.64
249,Matilda,Loughlan,mloughlan6w@techcrunch.com,150.120.103.98
250,Timothee,Gargett,tgargett6x@eventbrite.com,82.172.71.94
251,Aridatha,Foale,afoale6y@hugedomains.com,165.247.206.191
252,Dyane,Cresser,dcresser6z@smh.com.au,216.74.219.196
253,Jordain,Kerrigan,jkerrigan70@bravesites.com,25.36.128.129
254,Blinnie,Sands,bsands71@stumbleupon.com,95.206.25.176
255,Irving,Peckham,ipeckham72@blinklist.com,59.222.100.14
256,Adrian,Puzey,apuzey73@hibu.com,94.135.57.139
257,Grantley,Gosdin,ggosdin74@mozilla.org,191.39.216.91
258,Truman,Shrimptone,tshrimptone75@chronoengine.com,88.150.6.99
259,Caro,Caulcutt,ccaulcutt76@sciencedaily.com,250.246.124.159
260,Isa,Wildes,iwildes77@amazonaws.com,12.43.139.43
261,Farly,Izen,fizen78@moonfruit.com,139.238.92.47
262,Bancroft,Copestake,bcopestake79@hud.gov,100.103.15.146
263,Olag,Gosnall,ogosnall7a@sbwire.com,72.83.234.160
264,Billy,Emanueli,bemanueli7b@umich.edu,235.165.145.165
265,Enrika,Tamburi,etamburi7c@marketwatch.com,85.104.141.105
266,Drucy,Netherwood,dnetherwood7d@craigslist.org,236.146.197.244
267,Filmore,Mounfield,fmounfield7e@walmart.com,29.167.48.188
268,Lolly,De Witt,ldewitt7f@princeton.edu,125.63.79.32
269,Jonathan,Gerhartz,jgerhartz7g@cmu.edu,1.77.222.212
270,Anabella,MacLardie,amaclardie7h@parallels.com,69.215.67.140
271,Sara,Arnaudon,sarnaudon7i@columbia.edu,66.82.33.215
272,Natale,Friskey,nfriskey7j@un.org,168.98.58.211
273,Ugo,Pledge,upledge7k@furl.net,240.130.177.124
274,Bethany,Bahike,bbahike7l@moonfruit.com,125.33.197.20
275,Izaak,Bomfield,ibomfield7m@answers.com,223.245.46.25
276,Estell,Leisk,eleisk7n@sitemeter.com,3.143.38.122
277,Eric,Zelland,ezelland7o@barnesandnoble.com,101.47.154.78
278,Brandie,Ritter,britter7p@google.co.jp,127.99.105.210
279,Ernie,Dict,edict7q@usnews.com,177.73.177.1
280,Fritz,Dovidian,fdovidian7r@blinklist.com,254.232.132.241
281,Shantee,Conaboy,sconaboy7s@usnews.com,206.17.176.183
282,Menard,Reicharz,mreicharz7t@mediafire.com,213.169.181.232
283,Cornelius,Jobin,cjobin7u@multiply.com,237.107.169.254
284,Elissa,Allridge,eallridge7v@utexas.edu,42.103.127.216
285,Nathalia,Ordelt,nordelt7w@surveymonkey.com,242.88.86.204
286,Ulric,Pinchback,upinchback7x@cdbaby.com,165.98.162.130
287,Brander,Furley,bfurley7y@scientificamerican.com,154.67.31.137
288,Katalin,Cosans,kcosans7z@gnu.org,193.150.37.44
289,Lawrence,Barczynski,lbarczynski80@toplist.cz,27.139.228.100
290,Creigh,Wellbank,cwellbank81@fastcompany.com,21.203.85.199
291,Shelbi,Garrelts,sgarrelts82@paypal.com,204.8.144.184
292,Gabriela,Meddings,gmeddings83@vistaprint.com,160.198.166.1
293,Nancey,Salmons,nsalmons84@imageshack.us,107.68.210.220
294,Hewet,Margerrison,hmargerrison85@yellowpages.com,71.176.20.186
295,Andrea,Quan,aquan86@devhub.com,109.220.186.93
296,Carmela,Dan,cdan87@feedburner.com,208.182.131.151
297,Welsh,Blumer,wblumer88@va.gov,190.52.230.185
298,Stacia,Duddy,sduddy89@nbcnews.com,88.94.69.109
299,Zelma,Halston,zhalston8a@webs.com,107.69.229.42
300,Corilla,Jammes,cjammes8b@cloudflare.com,47.155.219.59
301,Michaella,Seczyk,mseczyk8c@tinyurl.com,199.222.182.80
302,Ardys,Belding,abelding8d@cmu.edu,203.161.201.58
303,Lil,McNaughton,lmcnaughton8e@wired.com,63.54.27.116
304,Bil,Jaycocks,bjaycocks8f@histats.com,134.232.14.39
305,Angel,McIlvoray,amcilvoray8g@miibeian.gov.cn,168.7.28.90
306,Norri,Prayer,nprayer8h@patch.com,241.188.32.52
307,Janot,Breitling,jbreitling8i@purevolume.com,30.215.119.208
308,Barb,Aulsford,baulsford8j@wordpress.org,118.190.113.95
309,Imogene,Pulster,ipulster8k@china.com.cn,148.148.181.181
310,Ethelind,Waters,ewaters8l@forbes.com,5.194.9.139
311,Vinni,Tutt,vtutt8m@umich.edu,44.151.226.91
312,Sansone,Huband,shuband8n@example.com,169.190.18.161
313,Kitti,Zukierman,kzukierman8o@ycombinator.com,60.200.139.179
314,Merrilee,Grocott,mgrocott8p@disqus.com,62.175.68.232
315,Lynna,Swiffen,lswiffen8q@dot.gov,3.200.235.176
316,Anastassia,Wraxall,awraxall8r@g.co,167.151.30.159
317,Lind,Bremmer,lbremmer8s@wiley.com,24.213.135.141
318,Jewel,Nelhams,jnelhams8t@wired.com,96.142.109.205
319,Paddie,Lehrle,plehrle8u@studiopress.com,217.197.10.166
320,Caleb,Vickerstaff,cvickerstaff8v@ning.com,128.217.174.137
321,Rosalyn,Paulusch,rpaulusch8w@kickstarter.com,164.136.140.70
322,Kirstyn,Tench,ktench8x@mayoclinic.com,188.149.50.12
323,Keary,Huddleston,khuddleston8y@chicagotribune.com,116.73.142.155
324,Briney,Kynvin,bkynvin8z@amazon.co.uk,73.230.179.146
325,Cammy,Colcutt,ccolcutt90@wired.com,90.31.231.227
326,Linn,Wyper,lwyper91@parallels.com,90.65.174.238
327,Wally,Shillitoe,wshillitoe92@arizona.edu,8.141.166.94
328,Luciano,Diano,ldiano93@latimes.com,147.191.188.220
329,Brigitte,Clubley,bclubley94@naver.com,78.111.132.141
330,Roxanna,Cragg,rcragg95@nifty.com,224.186.164.66
331,Urbanus,Gravenor,ugravenor96@acquirethisname.com,180.61.224.233
332,Gabbi,Rice,grice97@godaddy.com,26.157.5.89
333,Ellene,Hendrickson,ehendrickson98@macromedia.com,193.94.8.87
334,Joyous,Winscum,jwinscum99@dmoz.org,58.85.216.58
335,Barnard,Cosham,bcosham9a@cdc.gov,89.233.121.111
336,Carmine,Managh,cmanagh9b@google.it,63.30.86.236
337,Verene,Brockherst,vbrockherst9c@creativecommons.org,197.55.221.78
338,Correy,Edginton,cedginton9d@flavors.me,93.227.66.4
339,Susette,Murra,smurra9e@homestead.com,159.156.128.18
340,Susanne,Scahill,sscahill9f@prnewswire.com,190.97.193.52
341,Karlan,Cloney,kcloney9g@buzzfeed.com,196.41.97.110
342,Sterling,Ferrieri,sferrieri9h@wired.com,167.115.154.244
343,Towny,Vedyaev,tvedyaev9i@indiatimes.com,31.85.41.191
344,Sterling,Lewins,slewins9j@gravatar.com,174.47.126.207
345,Cirilo,Ioselevich,cioselevich9k@plala.or.jp,18.172.43.124
346,Matty,Hulance,mhulance9l@ftc.gov,142.105.113.187
347,Carlota,Lumbley,clumbley9m@51.la,209.19.20.5
348,Nap,Staning,nstaning9n@photobucket.com,91.18.152.149
349,Nicola,Degoey,ndegoey9o@theglobeandmail.com,195.188.53.224
350,Bone,Yosevitz,byosevitz9p@issuu.com,76.153.70.134
351,Noble,Bacchus,nbacchus9q@apache.org,252.68.245.235
352,Celeste,Hoggin,choggin9r@parallels.com,24.21.220.57
353,Arleen,Darbon,adarbon9s@hp.com,31.167.152.86
354,Zea,Mottershaw,zmottershaw9t@ebay.co.uk,100.47.50.245
355,Ancell,Upcott,aupcott9u@google.es,61.248.242.225
356,Cathrine,Jonah,cjonah9v@unc.edu,195.119.226.66
357,Stavros,Biers,sbiers9w@prweb.com,203.69.183.188
358,Stirling,Gallo,sgallo9x@desdev.cn,41.156.30.128
359,Louisa,Dallaway,ldallaway9y@phpbb.com,26.198.65.211
360,Melisa,Dundon,mdundon9z@comsenz.com,80.218.25.101
361,Sophia,Bell,sbella0@unesco.org,5.176.223.34
362,Barry,McGowran,bmcgowrana1@va.gov,89.30.234.199
363,Edgard,Cardillo,ecardilloa2@uol.com.br,2.151.154.54
364,Newton,Kitchingman,nkitchingmana3@businessweek.com,186.174.243.114
365,Gherardo,Soigoux,gsoigouxa4@opensource.org,30.144.52.98
366,Rahel,Danher,rdanhera5@tinyurl.com,164.155.196.114
367,Pippa,Stobo,pstoboa6@japanpost.jp,68.49.150.83
368,Allissa,Laverty,alavertya7@about.com,103.31.53.96
369,Spence,Jagson,sjagsona8@imgur.com,54.106.150.220
370,Laureen,Duckwith,lduckwitha9@themeforest.net,96.250.119.99
371,Krysta,Rao,kraoaa@illinois.edu,118.231.115.46
372,Tatiana,Shopcott,tshopcottab@nature.com,129.95.224.127
373,Vance,Easterbrook,veasterbrookac@jimdo.com,163.93.134.19
374,Lavinia,Bridson,lbridsonad@ow.ly,145.190.38.46
375,Creighton,Patullo,cpatulloae@nasa.gov,226.138.66.45
376,Mannie,Perett,mperettaf@dailymail.co.uk,171.81.242.231
377,Sondra,Uzielli,suzielliag@google.cn,133.145.112.140
378,Pavla,Drysdall,pdrysdallah@toplist.cz,145.176.128.86
379,Heriberto,Baxter,hbaxterai@nasa.gov,123.80.179.169
380,Melvin,Nickoles,mnickolesaj@fema.gov,218.49.40.99
381,Will,Whelan,wwhelanak@imageshack.us,95.124.189.150
382,Jarrett,Winscom,jwinscomal@histats.com,181.251.235.252
383,Annaliese,Glascott,aglascottam@gmpg.org,60.36.109.225
384,Maisie,Brickham,mbrickhaman@independent.co.uk,4.29.1.73
385,Natty,Mully,nmullyao@gmpg.org,31.12.94.118
386,Mable,Reeds,mreedsap@360.cn,11.82.106.114
387,Trixi,Upwood,tupwoodaq@bloglines.com,224.126.183.182
388,Tamqrah,Pickworth,tpickworthar@sitemeter.com,232.210.36.44
389,Trent,Andreucci,tandreuccias@shop-pro.jp,226.220.64.127
390,Zacherie,Sidey,zsideyat@bbc.co.uk,76.36.196.232
391,Gerry,Dunham,gdunhamau@ihg.com,29.96.154.83
392,Benedikta,Skeete,bskeeteav@gov.uk,61.146.1.135
393,Sigrid,Orro,sorroaw@diigo.com,58.251.220.46
394,Vania,Lowdeane,vlowdeaneax@miibeian.gov.cn,194.172.251.1
395,Ripley,Pieters,rpietersay@163.com,44.44.220.21
396,Richard,Spinage,rspinageaz@goo.gl,112.112.33.24
397,Osborn,Greveson,ogrevesonb0@wikispaces.com,217.211.71.100
398,Guillermo,Graveston,ggravestonb1@ezinearticles.com,166.65.224.194
399,Jonis,Duggon,jduggonb2@icio.us,99.174.28.145
400,Stanislas,Stanyan,sstanyanb3@miibeian.gov.cn,84.252.26.21
401,Krystle,Colman,kcolmanb4@de.vu,212.73.15.176
402,Reider,Jeffs,rjeffsb5@github.io,9.33.94.72
403,Ben,Revett,brevettb6@mediafire.com,192.210.66.233
404,Annice,Knewstub,aknewstubb7@aboutads.info,1.79.233.171
405,Bryant,Lared,blaredb8@engadget.com,140.224.29.131
406,Emmanuel,Parkyns,eparkynsb9@stumbleupon.com,123.0.3.66
407,Franzen,Garoghan,fgaroghanba@addthis.com,8.185.75.252
408,Tobey,Attridge,tattridgebb@msn.com,58.253.101.63
409,Feodora,Usborn,fusbornbc@spiegel.de,170.152.149.137
410,Guglielma,Neubigging,gneubiggingbd@theglobeandmail.com,150.189.228.58
411,Emlyn,Fabry,efabrybe@cnet.com,119.9.7.205
412,Ransom,Ickovits,rickovitsbf@biblegateway.com,182.238.73.40
413,Stephanus,Extance,sextancebg@nymag.com,121.47.223.112
414,Danya,Jaukovic,djaukovicbh@lycos.com,14.134.91.251
415,Gilberta,Cragoe,gcragoebi@boston.com,191.158.53.17
416,Sybila,Whisker,swhiskerbj@canalblog.com,113.144.138.34
417,Loutitia,De Cristofalo,ldecristofalobk@nytimes.com,23.252.178.148
418,Joela,Gillingwater,jgillingwaterbl@wikimedia.org,140.75.216.250
419,Alvina,Tander,atanderbm@gov.uk,236.119.211.28
420,Elizabet,Cawtheray,ecawtheraybn@eventbrite.com,90.88.44.69
421,Pincas,Baxstar,pbaxstarbo@miitbeian.gov.cn,234.134.186.164
422,Walsh,Volet,wvoletbp@earthlink.net,48.189.121.242
423,Karlis,Jarrard,kjarrardbq@elpais.com,208.69.177.119
424,Sayer,Basterfield,sbasterfieldbr@slideshare.net,95.195.218.81
425,Bink,Duffield,bduffieldbs@unicef.org,231.9.83.115
426,Alessandra,Klimek,aklimekbt@example.com,244.184.29.168
427,Maurizio,Devereu,mdevereubu@clickbank.net,91.118.150.16
428,Maxy,Genney,mgenneybv@cnbc.com,180.207.227.236
429,Kerr,Bartoletti,kbartolettibw@geocities.jp,107.194.184.128
430,Ediva,Feltoe,efeltoebx@github.com,66.9.203.40
431,Markos,Shermar,mshermarby@friendfeed.com,239.137.221.180
432,Edna,Clementel,eclementelbz@joomla.org,21.236.167.68
433,Colas,O'Carroll,cocarrollc0@economist.com,114.188.203.86
434,Rosaline,Ochiltree,rochiltreec1@jalbum.net,194.8.133.189
435,Loria,Boutton,lbouttonc2@privacy.gov.au,18.20.168.33
436,Amalia,Bosence,abosencec3@spotify.com,123.243.115.185
437,Farrah,Shinefield,fshinefieldc4@hatena.ne.jp,84.141.5.86
438,Lonnie,Jone,ljonec5@buzzfeed.com,2.106.201.177
439,Valentia,Ivain,vivainc6@ebay.co.uk,9.133.249.229
440,Felizio,Salvin,fsalvinc7@hubpages.com,57.152.120.122
441,Jacenta,Dearnaly,jdearnalyc8@bbb.org,242.197.56.223
442,Lucio,Peplay,lpeplayc9@dailymotion.com,0.46.211.184
443,Nikki,Iorns,niornsca@squarespace.com,92.51.114.170
444,Fonzie,Drinkel,fdrinkelcb@de.vu,246.143.208.13
445,Fransisco,Wiltshier,fwiltshiercc@icio.us,20.38.194.158
446,Jasen,Harbar,jharbarcd@booking.com,55.117.153.62
447,Stearne,Hekkert,shekkertce@newsvine.com,161.109.27.72
448,Erhard,Spiniello,espiniellocf@apple.com,133.14.224.60
449,Theda,Burgis,tburgiscg@domainmarket.com,40.35.86.251
450,Noelle,Landsbury,nlandsburych@feedburner.com,19.6.20.66
451,Lani,Brusin,lbrusinci@hostgator.com,180.104.63.71
452,Shelden,Hessentaler,shessentalercj@ning.com,126.39.181.152
453,Dore,Girardy,dgirardyck@yandex.ru,94.253.190.245
454,Gennie,Rundle,grundlecl@geocities.jp,120.185.177.249
455,Wiatt,Obal,wobalcm@w3.org,211.159.234.89
456,Riordan,Presnell,rpresnellcn@t-online.de,115.184.51.83
457,Nonna,Springer,nspringerco@arstechnica.com,171.106.56.9
458,Osmond,Marconi,omarconicp@bigcartel.com,132.167.70.130
459,Zaneta,Chaddock,zchaddockcq@mtv.com,228.81.171.240
460,Martguerita,Barnicott,mbarnicottcr@imgur.com,132.96.88.188
461,Claudina,Aberchirder,caberchirdercs@devhub.com,62.30.211.129
462,Catherina,Voules,cvoulesct@pcworld.com,21.86.33.123
463,Derby,Cellone,dcellonecu@squarespace.com,79.160.130.15
464,Marji,Drescher,mdreschercv@nps.gov,134.59.127.39
465,Phoebe,Pacquet,ppacquetcw@people.com.cn,165.47.104.239
466,Olly,Gibb,ogibbcx@homestead.com,215.24.53.230
467,Neille,Fallow,nfallowcy@howstuffworks.com,225.109.99.231
468,Curcio,Barry,cbarrycz@nytimes.com,189.168.57.114
469,Sibylla,Croxley,scroxleyd0@mapquest.com,10.226.45.244
470,Fairfax,Cockerill,fcockerilld1@globo.com,240.92.13.93
471,Malvina,Lawland,mlawlandd2@webeden.co.uk,87.141.15.87
472,Corine,Kilmurry,ckilmurryd3@prweb.com,226.113.205.243
473,Benji,Berecloth,bbereclothd4@paypal.com,161.239.16.237
474,Shea,McAuslene,smcauslened5@reverbnation.com,139.87.38.210
475,Giralda,Mains,gmainsd6@mediafire.com,176.246.195.125
476,Ransom,Sainsbury-Brown,rsainsburybrownd7@biglobe.ne.jp,169.245.134.122
477,Lynea,Vassbender,lvassbenderd8@miitbeian.gov.cn,72.124.77.85
478,Babbie,MacAlester,bmacalesterd9@about.me,35.140.235.21
479,Celinka,Offin,coffinda@wunderground.com,80.226.63.74
480,Rosaleen,Felgat,rfelgatdb@marriott.com,46.4.231.10
481,Seumas,Nary,snarydc@gov.uk,207.68.62.148
482,Sela,Jarvie,sjarviedd@drupal.org,155.237.2.211
483,Lila,Tolcharde,ltolchardede@ucsd.edu,128.120.78.1
484,Gaelan,Aberkirdo,gaberkirdodf@businessinsider.com,126.228.54.111
485,Tiffie,Grierson,tgriersondg@oakley.com,239.175.120.69
486,Mercy,Matiebe,mmatiebedh@amazon.de,128.206.157.19
487,Nanette,Godlee,ngodleedi@samsung.com,214.52.49.220
488,Mitzi,Kunkler,mkunklerdj@walmart.com,206.139.131.244
489,Genovera,Margetson,gmargetsondk@technorati.com,32.231.206.222
490,Dedra,McShee,dmcsheedl@discuz.net,146.87.86.127
491,Garrick,Giacomoni,ggiacomonidm@google.com,238.86.253.242
492,Chic,Blakeney,cblakeneydn@gov.uk,122.63.185.118
493,Mick,Condon,mcondondo@seattletimes.com,248.16.110.246
494,Northrop,Esmonde,nesmondedp@delicious.com,122.155.39.86
495,Rheba,Lodwick,rlodwickdq@mashable.com,20.36.43.126
496,Greggory,Bevan,gbevandr@mapy.cz,166.227.137.11
497,Kenny,Klewer,kklewerds@mapquest.com,195.20.170.26
498,Betsy,Rummery,brummerydt@fc2.com,192.217.99.117
499,Juanita,Emmins,jemminsdu@cam.ac.uk,77.10.123.77
500,Ivett,Chellam,ichellamdv@cnn.com,25.4.160.153
501,Gayleen,McDougal,gmcdougaldw@4shared.com,75.65.134.241
502,Toma,Stife,tstifedx@surveymonkey.com,40.3.39.206
503,Rosina,Gilroy,rgilroydy@jalbum.net,250.88.95.43
504,Celka,Ashcroft,cashcroftdz@is.gd,62.252.190.219
505,Luther,Juszczyk,ljuszczyke0@discovery.com,21.250.242.234
506,Deana,Gettins,dgettinse1@last.fm,169.145.193.120
507,Gill,D'Alessandro,gdalessandroe2@pagesperso-orange.fr,80.66.160.253
508,Duffy,Cuddon,dcuddone3@gov.uk,182.199.76.131
509,Lula,Burnup,lburnupe4@xrea.com,244.221.158.67
510,Georgie,Prime,gprimee5@bloomberg.com,142.87.187.239
511,Ronda,Quilter,rquiltere6@baidu.com,101.51.85.189
512,Amil,Shelly,ashellye7@dedecms.com,118.35.230.200
513,Rene,Cowlam,rcowlame8@multiply.com,18.192.93.24
514,Jenna,Tallet,jtallete9@meetup.com,135.74.30.11
515,Renee,Schohier,rschohierea@sogou.com,20.44.123.10
516,Jone,Swindle,jswindleeb@google.de,131.85.241.193
517,Lily,Edmonds,ledmondsec@twitpic.com,131.99.162.219
518,Giulio,Mulran,gmulraned@miitbeian.gov.cn,72.116.161.38
519,Korney,Jesper,kjesperee@paginegialle.it,65.232.19.245
520,Heriberto,Matskiv,hmatskivef@flickr.com,199.51.109.124
521,Sallee,McShee,smcsheeeg@xrea.com,62.195.231.139
522,Darell,MacSharry,dmacsharryeh@simplemachines.org,205.50.111.88
523,Grissel,Jewess,gjewessei@springer.com,50.53.10.211
524,Floyd,Ruperto,frupertoej@netvibes.com,107.192.229.91
525,Cordelie,Spyvye,cspyvyeek@wordpress.org,171.10.161.70
526,Ollie,Mease,omeaseel@biblegateway.com,141.236.237.42
527,Jessamine,Yarwood,jyarwoodem@latimes.com,203.104.228.42
528,Deeyn,Huddy,dhuddyen@google.ru,120.10.64.104
529,Barny,Newhouse,bnewhouseeo@digg.com,48.88.36.14
530,Sheff,Mattsson,smattssonep@elegantthemes.com,238.68.109.158
531,Thaxter,Stoffel,tstoffeleq@imdb.com,30.122.89.233
532,Nora,Bartle,nbartleer@house.gov,153.33.44.73
533,Gray,Wartnaby,gwartnabyes@nih.gov,20.34.118.178
534,Ardyth,Norcliffe,anorcliffeet@jugem.jp,224.174.81.123
535,Silva,Sparrowe,ssparroweeu@eventbrite.com,174.147.243.84
536,Eddie,McNeachtain,emcneachtainev@marriott.com,188.167.172.91
537,Geralda,Filippazzo,gfilippazzoew@flavors.me,210.87.111.42
538,Penn,Ionnisian,pionnisianex@ocn.ne.jp,231.166.64.203
539,Olimpia,Doherty,odohertyey@house.gov,193.33.15.250
540,Kippie,Loftin,kloftinez@taobao.com,28.206.72.151
541,Aloisia,Capell,acapellf0@examiner.com,226.186.210.210
542,Tessi,Fugere,tfugeref1@howstuffworks.com,161.83.196.204
543,Bonni,Crim,bcrimf2@joomla.org,72.239.82.82
544,Harriette,Emm,hemmf3@ihg.com,32.68.11.203
545,Gennifer,Fenn,gfennf4@un.org,72.71.75.106
546,Spense,Cheavin,scheavinf5@friendfeed.com,18.88.196.157
547,Esmaria,Duligal,eduligalf6@addtoany.com,25.240.135.43
548,Denys,McKimmie,dmckimmief7@t-online.de,158.210.67.122
549,Marsh,Bidgood,mbidgoodf8@virginia.edu,231.124.148.58
550,Goldie,Ivancevic,givancevicf9@bloglovin.com,248.132.114.84
551,Ty,Hardaway,thardawayfa@shareasale.com,151.4.20.121
552,Florette,Girdwood,fgirdwoodfb@noaa.gov,167.97.68.96
553,Juan,Birchner,jbirchnerfc@ihg.com,154.25.61.161
554,Dore,Shambrooke,dshambrookefd@pbs.org,202.109.224.227
555,Juan,Goggey,jgoggeyfe@webeden.co.uk,243.15.113.230
556,Bradly,Van Rembrandt,bvanrembrandtff@businessinsider.com,170.206.68.168
557,Perla,Molyneux,pmolyneuxfg@opera.com,80.12.158.16
558,Maryann,MacKowle,mmackowlefh@washington.edu,108.66.203.202
559,Ruttger,Polak,rpolakfi@businesswire.com,149.117.250.113
560,Debora,Sterry,dsterryfj@who.int,239.204.229.22
561,Brenn,Ramme,brammefk@npr.org,250.49.71.70
562,Imogen,Ziemsen,iziemsenfl@google.co.jp,15.165.142.220
563,Cole,O'Dyvoie,codyvoiefm@spotify.com,32.18.82.158
564,Son,Caff,scafffn@networksolutions.com,203.245.226.49
565,Carmelina,Muzzlewhite,cmuzzlewhitefo@archive.org,90.218.242.0
566,Matelda,Drescher,mdrescherfp@xrea.com,90.54.12.141
567,Carroll,Baggarley,cbaggarleyfq@google.cn,77.114.175.172
568,Willow,Ambrosch,wambroschfr@devhub.com,207.136.46.69
569,Louis,Loudyan,lloudyanfs@time.com,157.182.147.205
570,Evangelia,Guiett,eguiettft@wunderground.com,64.216.219.129
571,Gwenette,Benner,gbennerfu@photobucket.com,220.192.32.21
572,Mike,Strodder,mstrodderfv@redcross.org,115.222.35.41
573,Lynna,Halwood,lhalwoodfw@uiuc.edu,208.226.140.47
574,Clifford,Domnin,cdomninfx@opera.com,104.138.120.90
575,Kara-lynn,Soro,ksorofy@nifty.com,215.24.89.30
576,Milly,Stitwell,mstitwellfz@webs.com,25.107.177.21
577,Tiffi,De Beauchamp,tdebeauchampg0@ask.com,199.81.235.81
578,Minnie,Belding,mbeldingg1@about.com,99.104.236.167
579,Marrilee,Scriver,mscriverg2@360.cn,208.157.113.159
580,Libby,Rippon,lrippong3@godaddy.com,244.253.103.114
581,Ortensia,Scantleberry,oscantleberryg4@multiply.com,200.57.121.194
582,Erik,Ballinghall,eballinghallg5@bluehost.com,253.241.23.222
583,Yorgos,Anfusso,yanfussog6@theglobeandmail.com,4.76.34.199
584,Torr,Standbrooke,tstandbrookeg7@weather.com,211.94.33.118
585,Veriee,Witcher,vwitcherg8@state.gov,233.158.145.75
586,Melodie,Towlson,mtowlsong9@skype.com,14.152.168.117
587,Garrett,Grey,ggreyga@g.co,149.198.9.96
588,Bevon,Arnholtz,barnholtzgb@google.ru,245.246.174.213
589,Faydra,Forbes,fforbesgc@epa.gov,254.202.194.25
590,Billye,Melbury,bmelburygd@nsw.gov.au,145.109.91.99
591,Siobhan,Chessel,schesselge@list-manage.com,226.99.162.75
592,Hetty,Kaliszewski,hkaliszewskigf@meetup.com,79.38.8.81
593,Jay,Ruvel,jruvelgg@va.gov,87.48.5.250
594,Austin,Slad,asladgh@4shared.com,239.21.71.130
595,Bidget,Sallan,bsallangi@vimeo.com,8.181.60.129
596,Milli,Dillintone,mdillintonegj@elpais.com,179.127.243.162
597,Lazare,Stirrip,lstirripgk@g.co,160.215.57.166
598,Kinna,Wellum,kwellumgl@tiny.cc,17.75.196.134
599,Jenine,Rastrick,jrastrickgm@angelfire.com,58.169.221.62
600,Sharai,Oldford,soldfordgn@adobe.com,172.210.128.171
601,Jacqueline,Mabb,jmabbgo@japanpost.jp,99.90.227.99
602,Nil,Baggaley,nbaggaleygp@printfriendly.com,168.174.117.239
603,Raynor,Reynoldson,rreynoldsongq@blogs.com,115.172.160.159
604,Ralina,Sowerbutts,rsowerbuttsgr@usnews.com,56.190.100.103
605,Kathryn,Dimic,kdimicgs@aol.com,147.47.54.18
606,Ricki,Pritchard,rpritchardgt@weibo.com,196.97.108.162
607,Kaila,Kindon,kkindongu@mlb.com,81.117.28.164
608,Vasily,Mutlow,vmutlowgv@youku.com,229.5.180.183
609,Teodoro,Odeson,todesongw@amazon.co.uk,253.73.117.225
610,Burnaby,Barnsdall,bbarnsdallgx@si.edu,199.128.223.88
611,Tobe,Langridge,tlangridgegy@goo.ne.jp,93.1.89.33
612,Ingemar,Woolstenholmes,iwoolstenholmesgz@prweb.com,176.248.46.123
613,Hugibert,Dick,hdickh0@hubpages.com,168.218.91.109
614,Gail,Preshaw,gpreshawh1@privacy.gov.au,152.154.12.219
615,Carl,Burbidge,cburbidgeh2@woothemes.com,45.23.216.87
616,Allina,Hayen,ahayenh3@hubpages.com,89.54.22.169
617,Ayn,Raynton,arayntonh4@rambler.ru,69.70.128.159
618,Berti,Tayt,btayth5@gov.uk,228.107.251.150
619,Terri,Oxshott,toxshotth6@dmoz.org,113.86.172.51
620,Hetti,Alsopp,halsopph7@t.co,240.21.243.160
621,Kelsey,Ablitt,kablitth8@washingtonpost.com,55.162.216.169
622,Dallas,Semmence,dsemmenceh9@pen.io,214.103.49.151
623,Barn,Berkely,bberkelyha@dropbox.com,91.46.247.113
624,Madelin,Terzza,mterzzahb@springer.com,79.134.193.230
625,Sheryl,McGilvra,smcgilvrahc@so-net.ne.jp,34.213.110.204
626,Codie,Squirrel,csquirrelhd@taobao.com,122.205.207.23
627,Duke,Bartolomieu,dbartolomieuhe@upenn.edu,117.236.191.166
628,Travers,Giraths,tgirathshf@theguardian.com,73.53.49.25
629,Vidovik,Wassung,vwassunghg@oakley.com,11.141.248.127
630,Hazlett,Wenham,hwenhamhh@weibo.com,232.227.203.154
631,Iormina,Tunmore,itunmorehi@barnesandnoble.com,223.205.203.168
632,Natasha,Madle,nmadlehj@pen.io,92.81.123.251
633,Nona,Thayre,nthayrehk@ocn.ne.jp,227.89.80.49
634,Fairfax,Poluzzi,fpoluzzihl@geocities.com,136.158.200.227
635,Aymer,Gouldie,agouldiehm@nhs.uk,15.77.236.238
636,Alvis,Boultwood,aboultwoodhn@facebook.com,186.42.83.38
637,Mariejeanne,Ibert,mibertho@netlog.com,157.110.237.71
638,Willette,Shore,wshorehp@senate.gov,102.228.165.77
639,Cordelie,Shillan,cshillanhq@google.ru,238.119.124.217
640,Dorothea,Anker,dankerhr@acquirethisname.com,37.43.208.30
641,Gladys,Teissier,gteissierhs@bing.com,87.38.29.216
642,Salli,Velareal,svelarealht@discuz.net,135.192.198.24
643,Con,Gorwood,cgorwoodhu@godaddy.com,131.176.96.116
644,Belia,Baldick,bbaldickhv@github.io,174.209.150.86
645,Abeu,Leband,alebandhw@abc.net.au,90.109.171.129
646,Marrilee,Leak,mleakhx@sohu.com,204.34.254.193
647,Austine,Bird,abirdhy@shareasale.com,229.22.54.171
648,Gypsy,Fernez,gfernezhz@unblog.fr,196.35.20.34
649,Tallie,Normanton,tnormantoni0@nbcnews.com,136.167.241.23
650,Derron,Storkes,dstorkesi1@photobucket.com,9.71.37.29
651,Liane,Shambrooke,lshambrookei2@yellowbook.com,30.232.87.149
652,Annis,Veneur,aveneuri3@un.org,229.121.170.164
653,Clayson,Yerborn,cyerborni4@networkadvertising.org,122.67.175.53
654,Marci,Duffyn,mduffyni5@webnode.com,254.192.204.43
655,Meade,Waudby,mwaudbyi6@wired.com,209.172.17.221
656,Norah,Flamank,nflamanki7@behance.net,201.202.2.183
657,Carol,Velasquez,cvelasquezi8@amazon.co.uk,122.4.101.67
658,Gilligan,Cramp,gcrampi9@uol.com.br,206.166.132.13
659,Jesse,Hobben,jhobbenia@europa.eu,72.208.64.237
660,Salomone,Cusack,scusackib@toplist.cz,179.210.241.223
661,Bevon,Brinsford,bbrinsfordic@hugedomains.com,177.152.131.160
662,Farley,De Avenell,fdeavenellid@yellowpages.com,7.170.209.129
663,La verne,O'Fergus,lofergusie@independent.co.uk,33.86.144.97
664,Rollie,Bennallck,rbennallckif@mayoclinic.com,47.91.90.112
665,Jillane,Hessle,jhessleig@boston.com,30.117.2.201
666,Mason,McGray,mmcgrayih@reference.com,219.117.216.127
667,Asa,Ketchen,aketchenii@so-net.ne.jp,236.237.247.243
668,Lauri,Gracewood,lgracewoodij@sciencedaily.com,252.219.8.133
669,Mindy,Felce,mfelceik@ibm.com,168.153.12.154
670,Belinda,Gieraths,bgierathsil@joomla.org,65.252.255.128
671,Adrian,Darby,adarbyim@reference.com,77.71.47.95
672,Selestina,Ridhole,sridholein@spotify.com,90.153.210.102
673,Daniele,Sergent,dsergentio@aboutads.info,234.34.217.110
674,Stacia,Kasparski,skasparskiip@edublogs.org,165.184.208.225
675,Janina,Dewing,jdewingiq@ocn.ne.jp,54.14.133.63
676,Zarla,Stoffersen,zstoffersenir@timesonline.co.uk,54.113.4.122
677,Kerstin,Struis,kstruisis@yolasite.com,185.62.8.28
678,Colette,Wedmore.,cwedmoreit@princeton.edu,204.116.247.248
679,Howie,Culter,hculteriu@skype.com,175.157.55.122
680,Freida,Cescot,fcescotiv@latimes.com,207.90.31.168
681,Tadd,Kenafaque,tkenafaqueiw@friendfeed.com,131.250.175.164
682,Andris,Keymar,akeymarix@microsoft.com,184.7.42.244
683,Dare,Gresty,dgrestyiy@etsy.com,26.82.180.244
684,Travis,Cawthorne,tcawthorneiz@surveymonkey.com,184.17.248.219
685,Cathie,Burtonshaw,cburtonshawj0@bloomberg.com,1.63.55.83
686,Patricio,Milnes,pmilnesj1@slate.com,78.47.30.242
687,Andrea,Twitty,atwittyj2@japanpost.jp,195.220.109.157
688,Stacey,Kingsnorth,skingsnorthj3@networksolutions.com,237.252.132.215
689,Melva,Uzielli,muziellij4@bloglines.com,45.227.118.250
690,Celestine,Tompkin,ctompkinj5@jimdo.com,181.56.216.127
691,Leone,Greenough,lgreenoughj6@1und1.de,163.2.70.80
692,Artur,Galpin,agalpinj7@wired.com,124.225.251.198
693,Gerome,Chisnall,gchisnallj8@noaa.gov,134.131.251.231
694,Petronilla,Legging,pleggingj9@tuttocitta.it,39.73.202.141
695,Kiley,Jiranek,kjiranekja@tripadvisor.com,84.32.69.171
696,Erek,Ilyunin,eilyuninjb@cdc.gov,65.186.247.56
697,Doralynn,Cole,dcolejc@wikispaces.com,172.165.201.84
698,Thorin,Barczynski,tbarczynskijd@instagram.com,100.225.188.55
699,Susannah,Jackman,sjackmanje@seesaa.net,65.159.195.91
700,Jess,Mabson,jmabsonjf@liveinternet.ru,206.107.11.76
701,Wallie,Stallion,wstallionjg@nasa.gov,186.47.233.160
702,Paddie,Scough,pscoughjh@shutterfly.com,127.43.199.26
703,Aile,Seakes,aseakesji@sun.com,13.128.213.54
704,Boonie,Brixey,bbrixeyjj@sphinn.com,72.192.48.50
705,Birk,Lesly,bleslyjk@wisc.edu,75.188.210.242
706,Broddy,Blankett,bblankettjl@ucoz.com,168.182.138.106
707,Ardella,Van Merwe,avanmerwejm@github.com,118.127.27.164
708,Emylee,Matyja,ematyjajn@google.co.uk,206.127.149.60
709,Zach,Abdy,zabdyjo@howstuffworks.com,157.203.5.174
710,Ker,Tocque,ktocquejp@yelp.com,165.108.74.163
711,Pippa,Goulter,pgoulterjq@time.com,2.49.126.142
712,Laurice,Pordall,lpordalljr@cdbaby.com,129.28.145.220
713,Daveen,Rymer,drymerjs@plala.or.jp,249.23.215.18
714,Agace,Klehn,aklehnjt@ow.ly,10.168.9.170
715,Golda,McEnteggart,gmcenteggartju@comcast.net,236.173.73.68
716,Sianna,Trundle,strundlejv@geocities.com,221.238.32.207
717,Anthiathia,Fetherby,afetherbyjw@flavors.me,83.33.225.124
718,Waiter,Thomton,wthomtonjx@oracle.com,169.244.34.166
719,Hollyanne,Schubart,hschubartjy@virginia.edu,30.158.234.101
720,Pansy,Fincken,pfinckenjz@trellian.com,2.31.116.152
721,Eliza,Allbones,eallbonesk0@tumblr.com,202.12.249.227
722,Emma,Taylorson,etaylorsonk1@elegantthemes.com,194.115.176.190
723,Shalne,Kennington,skenningtonk2@mayoclinic.com,36.51.18.46
724,Torrence,Trank,ttrankk3@nyu.edu,54.77.161.1
725,Marve,Gorini,mgorinik4@elpais.com,184.132.66.183
726,Yves,Greenham,ygreenhamk5@cornell.edu,166.22.112.229
727,Judie,Reeme,jreemek6@wired.com,155.43.166.124
728,Binny,Swyer-Sexey,bswyersexeyk7@e-recht24.de,183.73.244.1
729,Hestia,McKevitt,hmckevittk8@adobe.com,126.211.119.39
730,Georgena,Ciobutaro,gciobutarok9@chicagotribune.com,159.210.0.150
731,Lolita,Estcourt,lestcourtka@nhs.uk,4.194.129.189
732,Erl,Cansfield,ecansfieldkb@hatena.ne.jp,13.21.139.143
733,Cristin,Benitez,cbenitezkc@reference.com,149.28.80.93
734,Sayers,Heathwood,sheathwoodkd@ow.ly,28.211.22.109
735,Hiram,Daffern,hdaffernke@networkadvertising.org,200.165.33.190
736,Pietrek,Gierck,pgierckkf@ow.ly,245.42.13.143
737,Glenden,Tilzey,gtilzeykg@smugmug.com,68.35.119.162
738,Jaymie,Gebhardt,jgebhardtkh@google.it,202.64.141.203
739,Tadd,Hovey,thoveyki@usnews.com,101.189.216.248
740,Elayne,Abendroth,eabendrothkj@dropbox.com,50.142.132.55
741,Yank,Wooles,ywooleskk@latimes.com,43.153.36.152
742,Bail,Colkett,bcolkettkl@sphinn.com,169.215.234.96
743,Dud,Tolley,dtolleykm@ucoz.com,154.63.21.191
744,Lanni,Gout,lgoutkn@google.de,81.50.61.167
745,Burt,Fildery,bfilderyko@freewebs.com,11.42.76.124
746,Katuscha,Raiment,kraimentkp@hud.gov,165.122.23.55
747,Sigismondo,Wife,swifekq@cnbc.com,40.83.72.76
748,Mordy,Hinken,mhinkenkr@apple.com,30.69.66.203
749,Inez,Dog,idogks@nasa.gov,226.164.255.7
750,Pete,Arnaudot,parnaudotkt@icio.us,148.209.60.202
751,Giralda,Checcuzzi,gcheccuzziku@cdc.gov,90.55.200.235
752,Ciro,McLaverty,cmclavertykv@last.fm,175.43.37.182
753,Ferne,Baggaley,fbaggaleykw@usgs.gov,196.180.164.249
754,Norbert,Spellissy,nspellissykx@hubpages.com,95.124.77.227
755,Siana,Chapelle,schapelleky@odnoklassniki.ru,161.61.84.49
756,Trix,O'Malley,tomalleykz@rakuten.co.jp,143.38.120.45
757,Dag,Gashion,dgashionl0@intel.com,19.233.122.129
758,Karalynn,Demangel,kdemangell1@zimbio.com,83.5.155.214
759,Hailey,Gauche,hgauchel2@merriam-webster.com,8.98.5.100
760,Ara,Prenty,aprentyl3@google.ca,27.88.157.213
761,Jdavie,Cherry,jcherryl4@angelfire.com,76.104.150.13
762,Cullin,Haveline,chavelinel5@so-net.ne.jp,218.31.167.20
763,Shoshana,Figge,sfiggel6@deviantart.com,97.45.221.210
764,Matti,Garmanson,mgarmansonl7@wikispaces.com,54.133.201.68
765,Edward,Baber,ebaberl8@vkontakte.ru,60.222.9.206
766,Fiann,Chivers,fchiversl9@rambler.ru,207.78.12.200
767,Belinda,Lunt,bluntla@sohu.com,30.194.180.127
768,Papagena,Pawelek,ppaweleklb@bbb.org,185.47.55.236
769,Xavier,Farington,xfaringtonlc@usgs.gov,163.100.241.50
770,Annice,Riddich,ariddichld@nsw.gov.au,54.181.71.224
771,Cecilia,Carslake,ccarslakele@odnoklassniki.ru,122.248.33.181
772,Tremaine,Ollerhad,tollerhadlf@berkeley.edu,4.102.77.117
773,Hattie,Itzig,hitziglg@yahoo.com,236.10.51.163
774,Angelita,Amburgy,aamburgylh@wunderground.com,99.208.84.254
775,Angil,Ludl,aludlli@paypal.com,105.71.217.4
776,Chanda,Cullinan,ccullinanlj@examiner.com,17.41.202.83
777,Foss,Fawkes,ffawkeslk@51.la,202.227.195.0
778,Brenna,Verty,bvertyll@deliciousdays.com,52.192.49.110
779,Sybil,Mingard,smingardlm@unicef.org,74.18.57.120
780,Deloria,Castells,dcastellsln@bluehost.com,180.58.70.37
781,Nomi,Eborall,neboralllo@nps.gov,235.60.96.221
782,Gabriel,Sherebrooke,gsherebrookelp@quantcast.com,150.111.192.9
783,Rosa,Physic,rphysiclq@amazon.co.jp,209.93.171.48
784,Aigneis,Dunaway,adunawaylr@examiner.com,146.221.215.235
785,Davidson,Kibble,dkibblels@archive.org,94.135.207.10
786,Sergent,Dorin,sdorinlt@redcross.org,59.15.87.107
787,Hayley,Pragnall,hpragnalllu@people.com.cn,142.100.32.33
788,Saree,Vakhrushin,svakhrushinlv@surveymonkey.com,12.47.92.60
789,Natasha,Ashman,nashmanlw@patch.com,136.127.29.42
790,Mireille,Itzkovitch,mitzkovitchlx@webnode.com,173.92.79.225
791,Ty,Royston,troystonly@illinois.edu,185.187.151.49
792,Albert,Rippin,arippinlz@weather.com,201.106.225.82
793,Cyrill,Cokayne,ccokaynem0@usnews.com,51.184.76.63
794,Trixy,Kowal,tkowalm1@foxnews.com,121.0.173.85
795,Zelda,Elijah,zelijahm2@blogger.com,233.101.14.216
796,Farand,Picott,fpicottm3@clickbank.net,189.181.192.205
797,Elise,Stenbridge,estenbridgem4@mysql.com,144.45.223.182
798,Aaron,Lower,alowerm5@fema.gov,169.17.53.71
799,Cilka,Appleton,cappletonm6@google.pl,255.21.79.71
800,Cecile,Dimitrijevic,cdimitrijevicm7@spiegel.de,160.169.104.95
801,Aeriell,Freddi,afreddim8@zimbio.com,228.28.43.156
802,Nero,Awin,nawinm9@shutterfly.com,99.203.178.95
803,Meris,Brabant,mbrabantma@columbia.edu,9.183.197.65
804,Jaquenette,Izakson,jizaksonmb@newsvine.com,200.168.106.240
805,Brodie,Ankers,bankersmc@jalbum.net,54.199.18.11
806,Kerstin,Cotty,kcottymd@arizona.edu,54.242.242.94
807,Ellene,Kamiyama,ekamiyamame@unc.edu,73.241.91.29
808,Jacquette,Tubble,jtubblemf@tmall.com,45.61.154.175
809,Edmon,Tilford,etilfordmg@chicagotribune.com,240.166.130.47
810,Aliza,Eddison,aeddisonmh@lycos.com,200.68.0.148
811,Hollie,Ashdown,hashdownmi@bbb.org,150.10.17.219
812,Ede,Reynish,ereynishmj@ow.ly,116.114.230.60
813,Celina,Nock,cnockmk@addtoany.com,118.165.26.254
814,Netty,Danneil,ndanneilml@nationalgeographic.com,42.137.173.134
815,Phillis,Townley,ptownleymm@yahoo.co.jp,58.191.232.41
816,Abagail,Lindhe,alindhemn@europa.eu,167.158.120.237
817,Fanny,McPike,fmcpikemo@slate.com,127.119.85.236
818,Reyna,Ibbitt,ribbittmp@eepurl.com,156.128.137.148
819,Teddie,Gulliman,tgullimanmq@pcworld.com,0.235.200.70
820,Tracy,Lochran,tlochranmr@wired.com,97.216.201.177
821,Cal,Alesi,calesims@nydailynews.com,142.9.253.126
822,Kacey,Python,kpythonmt@yolasite.com,50.164.28.209
823,Vachel,While,vwhilemu@scientificamerican.com,97.137.158.139
824,Juan,Bavister,jbavistermv@4shared.com,28.182.0.206
825,Marybeth,Bygraves,mbygravesmw@yellowpages.com,230.16.119.158
826,Caril,Dunphy,cdunphymx@blinklist.com,62.105.136.14
827,Claudetta,Gaber,cgabermy@hud.gov,218.185.141.118
828,Hedi,Giscken,hgisckenmz@buzzfeed.com,143.45.174.194
829,Gillian,Pitkin,gpitkinn0@xrea.com,216.165.225.71
830,Sterling,Wagstaff,swagstaffn1@nhs.uk,191.54.214.142
831,Alexandra,MacRinn,amacrinnn2@hubpages.com,238.133.56.200
832,Skippie,Jurek,sjurekn3@google.com.au,181.46.131.236
833,Daryle,Gotobed,dgotobedn4@slideshare.net,214.61.103.81
834,Tamar,Jakubczyk,tjakubczykn5@elegantthemes.com,224.196.50.207
835,Viole,Wrefford,vwreffordn6@rediff.com,44.12.56.199
836,Elnar,Pantecost,epantecostn7@nbcnews.com,42.249.53.200
837,Boris,Mylchreest,bmylchreestn8@mtv.com,84.253.61.13
838,Sonia,Spyer,sspyern9@yolasite.com,210.155.69.92
839,Shae,Lidell,slidellna@blogs.com,236.89.13.82
840,Rem,Aronov,raronovnb@godaddy.com,253.169.106.118
841,Arly,Guirau,aguiraunc@last.fm,9.226.148.98
842,Billy,Hyman,bhymannd@wix.com,77.70.116.164
843,Aubrette,Ravilious,araviliousne@whitehouse.gov,224.90.179.168
844,Margaretta,Densie,mdensienf@mail.ru,48.151.194.216
845,Bobbye,MacIllrick,bmacillrickng@dailymail.co.uk,89.242.121.163
846,Dione,Lymer,dlymernh@istockphoto.com,250.17.155.209
847,Codi,Joseland,cjoselandni@cpanel.net,236.148.11.169
848,Cecilio,Headly,cheadlynj@goo.gl,115.193.91.62
849,Vergil,Pleavin,vpleavinnk@cbslocal.com,209.94.245.76
850,Matty,Cottie,mcottienl@edublogs.org,247.55.89.121
851,Alleen,Kendell,akendellnm@sun.com,246.80.91.34
852,Steward,Daft,sdaftnn@fc2.com,15.208.109.141
853,Gabriella,Toope,gtoopeno@squidoo.com,121.174.150.173
854,Rubi,Oliffe,roliffenp@free.fr,52.216.41.61
855,Twyla,Dybbe,tdybbenq@w3.org,40.179.127.129
856,Cherlyn,Lease,cleasenr@webeden.co.uk,231.28.193.135
857,Kesley,Farnall,kfarnallns@macromedia.com,176.171.186.150
858,Demeter,Peres,dperesnt@a8.net,153.129.173.198
859,Flossi,Hambatch,fhambatchnu@goo.ne.jp,21.128.145.196
860,Juliet,Adlam,jadlamnv@ucoz.ru,31.116.48.0
861,Valaria,Hapgood,vhapgoodnw@gnu.org,14.199.64.177
862,Silvester,Sympson,ssympsonnx@wordpress.org,35.106.133.19
863,Filmore,Vedeshkin,fvedeshkinny@blogtalkradio.com,204.57.138.63
864,De,Milne,dmilnenz@booking.com,198.189.202.225
865,Leyla,Punch,lpuncho0@census.gov,72.164.93.244
866,Gayla,Duley,gduleyo1@acquirethisname.com,208.85.173.39
867,Stace,Betts,sbettso2@qq.com,179.217.237.134
868,Drucie,Windaybank,dwindaybanko3@homestead.com,85.176.157.105
869,Hailee,Burgoine,hburgoineo4@virginia.edu,245.155.128.123
870,Agace,Fist,afisto5@about.me,160.161.228.165
871,Lucretia,Baulcombe,lbaulcombeo6@blogtalkradio.com,11.21.178.244
872,Standford,Pomphrey,spomphreyo7@ifeng.com,98.77.189.17
873,Laurie,Spong,lspongo8@vistaprint.com,79.240.103.226
874,Archy,Boutton,abouttono9@psu.edu,61.54.214.20
875,Lola,Ekkel,lekkeloa@scientificamerican.com,144.224.32.64
876,Calvin,Yoxen,cyoxenob@java.com,224.78.145.127
877,Hartley,Botting,hbottingoc@creativecommons.org,112.42.181.60
878,Ninnetta,O' Sullivan,nosullivanod@discovery.com,55.118.17.234
879,Patric,Antyukhin,pantyukhinoe@youku.com,255.222.243.49
880,Peggie,Gallaher,pgallaherof@google.ru,44.43.190.48
881,Crichton,Mower,cmowerog@mail.ru,171.156.70.146
882,Brendon,Mellmer,bmellmeroh@comsenz.com,186.88.2.220
883,Jaquelin,Popov,jpopovoi@deliciousdays.com,14.24.110.16
884,Townsend,Daverin,tdaverinoj@com.com,176.41.82.0
885,Trula,Fader,tfaderok@cnn.com,215.79.228.138
886,Eadie,Fulop,efulopol@dropbox.com,94.225.225.219
887,Ulises,Marin,umarinom@xinhuanet.com,229.127.23.10
888,Amalle,Pischoff,apischoffon@bbb.org,219.181.107.250
889,Winny,Sciacovelli,wsciacovellioo@pcworld.com,207.252.251.240
890,Allie,Halfacree,ahalfacreeop@cbsnews.com,251.91.114.87
891,Barnabe,McGriffin,bmcgriffinoq@wired.com,130.191.65.10
892,Sarene,Sayles,ssaylesor@comsenz.com,111.133.188.25
893,Marcellus,Catcheside,mcatchesideos@slate.com,119.59.171.64
894,Lyndy,Whiffen,lwhiffenot@yellowpages.com,230.179.107.134
895,Kriste,Kleinstein,kkleinsteinou@redcross.org,248.203.16.50
896,Albertina,Riccardelli,ariccardelliov@msu.edu,253.226.101.206
897,Delmar,Crawley,dcrawleyow@ocn.ne.jp,4.85.23.203
898,Kizzie,Glander,kglanderox@npr.org,99.218.219.92
899,Katrina,Kerwen,kkerwenoy@nsw.gov.au,101.155.216.126
900,Simone,Sayer,ssayeroz@cnbc.com,136.184.166.176
901,Sargent,Bleiman,sbleimanp0@wufoo.com,7.110.79.32
902,Ripley,Eskrick,reskrickp1@nifty.com,34.61.106.33
903,Hendrika,O'Scully,hoscullyp2@bloomberg.com,237.225.136.249
904,Kennedy,MacRory,kmacroryp3@ow.ly,224.207.54.184
905,Malanie,Whitlam,mwhitlamp4@cisco.com,194.134.155.255
906,Marietta,Grahlmans,mgrahlmansp5@paginegialle.it,161.186.179.86
907,Red,Acome,racomep6@cafepress.com,122.112.220.47
908,Welsh,Marking,wmarkingp7@mapquest.com,30.87.226.146
909,Deina,Rounce,drouncep8@auda.org.au,54.208.41.64
910,Annalee,Hatchard,ahatchardp9@smugmug.com,43.129.154.140
911,Reeta,Towriss,rtowrisspa@wired.com,226.18.140.215
912,Fallon,Gribbell,fgribbellpb@mtv.com,196.3.137.137
913,Allister,Eger,aegerpc@fotki.com,147.1.200.59
914,Binny,Farny,bfarnypd@washingtonpost.com,0.153.163.99
915,Adrea,Lippitt,alippittpe@ftc.gov,24.138.38.122
916,Malissa,Claffey,mclaffeypf@nih.gov,14.220.236.179
917,Bobbie,Walcar,bwalcarpg@ucla.edu,59.63.220.44
918,Pattin,Bysaker,pbysakerph@furl.net,70.29.125.211
919,Alaster,McConaghy,amcconaghypi@google.ru,94.5.5.66
920,Cassius,O'Rudden,coruddenpj@ebay.co.uk,91.77.203.71
921,Les,Hofer,lhoferpk@apache.org,102.221.90.23
922,Felizio,Raywood,fraywoodpl@timesonline.co.uk,130.243.247.192
923,Kerri,Mincini,kmincinipm@vimeo.com,196.165.114.100
924,Hamlen,Kesteven,hkestevenpn@dailymail.co.uk,97.229.129.48
925,Ulberto,Revey,ureveypo@drupal.org,218.8.182.77
926,Shaun,Hackworth,shackworthpp@mail.ru,124.12.99.14
927,Augusto,Peplow,apeplowpq@sitemeter.com,178.99.89.60
928,Bethanne,Rahlof,brahlofpr@shop-pro.jp,139.217.244.73
929,Olympia,Lack,olackps@elegantthemes.com,192.34.230.164
930,Sven,Tewkesberrie,stewkesberriept@oracle.com,169.186.255.240
931,Rafe,Mackison,rmackisonpu@tiny.cc,134.226.237.159
932,Lovell,Gammet,lgammetpv@github.com,180.218.88.203
933,Olivette,Eixenberger,oeixenbergerpw@ft.com,35.93.105.4
934,Hilly,McOmish,hmcomishpx@omniture.com,120.114.109.155
935,Issie,Tattersfield,itattersfieldpy@wisc.edu,31.125.214.182
936,Sibylle,Connar,sconnarpz@blinklist.com,31.162.196.230
937,Royal,McHenry,rmchenryq0@icio.us,61.241.64.204
938,Elianora,Kann,ekannq1@istockphoto.com,115.77.0.93
939,Philipa,Medhurst,pmedhurstq2@unicef.org,240.142.33.24
940,Clair,O'Breen,cobreenq3@princeton.edu,55.142.136.15
941,Darsey,Clapham,dclaphamq4@dailymail.co.uk,162.63.212.197
942,Stevy,Grzelczak,sgrzelczakq5@msu.edu,135.42.108.88
943,Shawn,Bleier,sbleierq6@rakuten.co.jp,21.238.131.140
944,Henrie,Stones,hstonesq7@lycos.com,135.15.35.235
945,Jacquenette,Robbs,jrobbsq8@biblegateway.com,122.188.166.204
946,Sheilah,Sisnett,ssisnettq9@51.la,87.154.162.128
947,Anna,Althorp,aalthorpqa@livejournal.com,178.0.211.226
948,Mariejeanne,Langstone,mlangstoneqb@nih.gov,12.83.214.47
949,Ulrick,Charrisson,ucharrissonqc@nasa.gov,156.25.167.88
950,Garey,Yves,gyvesqd@artisteer.com,188.183.177.229
951,Rolph,Bluett,rbluettqe@google.co.jp,171.129.52.46
952,Lita,Airs,lairsqf@bloglines.com,86.62.224.55
953,Billi,Quarterman,bquartermanqg@nydailynews.com,42.209.236.165
954,Farr,Managh,fmanaghqh@prlog.org,48.189.163.89
955,Cosetta,Smitham,csmithamqi@techcrunch.com,126.112.45.35
956,Barr,Wigin,bwiginqj@deliciousdays.com,8.122.182.120
957,Jeanine,Epp,jeppqk@rambler.ru,241.92.128.246
958,Kerby,Duchesne,kduchesneql@adobe.com,58.171.55.171
959,Gibby,Brunnstein,gbrunnsteinqm@google.cn,234.47.222.51
960,Hastie,Allgood,hallgoodqn@scribd.com,228.253.128.50
961,Demetrius,McDuff,dmcduffqo@liveinternet.ru,143.31.39.15
962,Purcell,Faucett,pfaucettqp@google.com,222.73.161.238
963,Caddric,Ropkins,cropkinsqq@mac.com,163.146.18.210
964,Boothe,Guirardin,bguirardinqr@craigslist.org,139.115.240.17
965,Bel,Fulton,bfultonqs@jiathis.com,71.82.163.208
966,Christa,Annakin,cannakinqt@ustream.tv,166.153.146.10
967,Sally,Bruggeman,sbruggemanqu@typepad.com,241.147.41.203
968,Padraic,Cray,pcrayqv@sun.com,43.229.59.150
969,Lynnelle,Winmill,lwinmillqw@plala.or.jp,195.159.121.32
970,Nate,Gale,ngaleqx@ox.ac.uk,115.74.91.86
971,Carline,Mosten,cmostenqy@springer.com,52.19.97.254
972,Angele,Thresh,athreshqz@mashable.com,255.125.88.46
973,Chane,Habben,chabbenr0@amazonaws.com,151.139.193.255
974,Herta,Sussex,hsussexr1@goodreads.com,232.89.250.162
975,Orbadiah,Wray,owrayr2@engadget.com,240.119.231.47
976,Dee dee,Fasey,dfaseyr3@webs.com,62.88.148.175
977,Eduard,Rocca,eroccar4@craigslist.org,163.88.39.186
978,Ruthie,Juliff,rjuliffr5@unesco.org,184.180.108.220
979,Aviva,Lamp,alampr6@buzzfeed.com,80.56.126.225
980,Robinson,Shadwick,rshadwickr7@earthlink.net,73.218.55.174
981,Lydie,Dingwall,ldingwallr8@who.int,28.179.91.160
982,Tonya,Benoist,tbenoistr9@bloglovin.com,207.134.8.27
983,Miguel,Rowsel,mrowselra@yandex.ru,42.178.82.185
984,Janis,Town,jtownrb@aol.com,180.2.57.39
985,Nikolaos,Eustis,neustisrc@ustream.tv,235.2.174.228
986,Gasparo,De Roos,gderoosrd@webmd.com,168.165.30.143
987,Dick,Whybray,dwhybrayre@cocolog-nifty.com,201.143.255.64
988,Jemimah,Poxson,jpoxsonrf@mysql.com,130.138.64.74
989,Burnard,Ipplett,bipplettrg@shutterfly.com,231.80.218.199
990,Domenic,Rockcliffe,drockclifferh@yale.edu,163.163.189.131
991,Ansell,Lyptratt,alyptrattri@slate.com,192.165.177.0
992,Persis,Jankovic,pjankovicrj@ask.com,240.171.222.177
993,Tally,Cranmor,tcranmorrk@nba.com,188.177.27.48
994,Luce,Ziemens,lziemensrl@ow.ly,6.227.120.12
995,Cloris,Mayhow,cmayhowrm@cdbaby.com,202.174.151.105
996,Alejandra,Paylie,apayliern@google.pl,171.111.167.160
997,Herman,Dalgardno,hdalgardnoro@wisc.edu,255.211.89.186
998,Anne-corinne,Bedome,abedomerp@cam.ac.uk,187.216.36.66
999,Angelina,Parsonage,aparsonagerq@cam.ac.uk,110.239.37.176
1000,Joe,McLelland,jmclellandrr@ycombinator.com,76.88.143.200
